1 | "The Missing Merchant's Ledger: A frantic merchant named Jorvik has lost his ledger containing the accounts of his trade empire. He is offering a reward to anyone who can recover it from the thieves' hideout in the back alleys of the city."
2 | "The Cursed Artifact: A mysterious artifact has been stolen from the local museum, and the curator is offering a reward for its return. Rumors suggest that the artifact is cursed, and those who possess it may suffer dire consequences."
3 | "The Phantom Thief: A notorious thief known only as "The Phantom" has been terrorizing the city, stealing valuable items from wealthy citizens. The city guard is offering a reward for any information leading to the capture of this elusive criminal."
4 | "The Haunted Mansion: A wealthy noble has reported strange occurrences in his mansion, claiming it is haunted by restless spirits. He is seeking brave adventurers to investigate and resolve the situation, offering a generous reward for their services."
5 | "The Lost Heirloom: A family heirloom has gone missing from a prominent household, and the family is desperate to recover it. They are offering a substantial reward to anyone who can track down the thief and return the heirloom safely."
6 | "The Smuggler's Cove: A secret cove along the coast has become a hotspot for smugglers, and the local authorities are seeking help to put an end to their operations. They are offering a reward for information leading to the capture of the smugglers and the seizure of their contraband."
7 | "The Poisoned Well: A local village has reported that their well has been poisoned, causing illness among the residents. The village elder is offering a reward for anyone who can identify the source of the contamination and put an end to it."
8 | "The Bandit's Hideout: A notorious bandit gang has been terrorizing travelers on the trade routes, and the local authorities are seeking help to locate their hideout. They are offering a reward for any information leading to the capture of the bandits and the recovery of stolen goods."
9 | "The Stolen Tome: A magic user's grimoire has been stolen from his residence, and he is offering a reward for its return. Rumors suggest that the thief may be using the spells for nefarious purposes, and the mage is desperate to recover his valuable tome."
10 | "The Enchanted Forest: A mysterious forest on the outskirts of town has been causing strange occurrences, and the local authorities are seeking help to investigate. They are offering a reward for anyone who can uncover the secrets of the enchanted forest and put an end to the disturbances."
11 | "The Missing Caravan: A merchant caravan has gone missing while traveling through the wilderness, and the merchants are offering a reward for any information leading to its recovery. Rumors suggest that the caravan may have been ambushed by bandits or fallen victim to a natural disaster."
12 | "The Cursed Village: A small village has been plagued by a series of mysterious deaths, and the villagers are seeking help to uncover the cause. They are offering a reward for anyone who can investigate the situation and put an end to the curse that has befallen their community."
13 | "The Rogue Alchemist: A rogue alchemist has been creating dangerous potions and selling them to unsuspecting customers, causing harm and chaos in the town. The local authorities are offering a reward for any information leading to the capture of the alchemist and the confiscation of his illicit goods."
14 | "The Forgotten Tomb: An ancient tomb has been discovered in the nearby hills, and rumors suggest that it may contain valuable treasures and powerful artifacts. The local authorities are seeking brave adventurers to explore the tomb and recover any items of interest, offering a generous reward for their services."
15 | "The Smuggler's Ring: A notorious smuggling ring has been operating in the area, and the local authorities are seeking help to dismantle their operations. They are offering a reward for any information leading to the capture of the smugglers and the seizure of their contraband."
16 | "The Phantom Ship: A ghostly ship has been spotted off the coast, and rumors suggest that it may be carrying valuable cargo or cursed treasures. The local authorities are seeking brave adventurers to investigate the ship and uncover its secrets, offering a generous reward for their services."
17 | "The local baker/miller is cheating on their spouse with the town guard captain. Everyone knows, but no one dares speak it."
18 | "The local blacksmith is secretly a member of a thieves' guild, and has been using their position to fence stolen goods. The town guard is aware, but lacks the evidence to take action."
19 | "The local apothecary has been experimenting with dangerous potions and elixirs, causing harm to those who consume them. The town guard is aware, but lacks the resources to stop the apothecary's activities."
20 | "Strangers on the road <DIRECTION> report that a stretch of the main highway is now haunted by spectral brigands."
21 | "A local noble has been secretly funding a group of mercenaries to carry out assassinations against their political rivals. The town guard is aware, but lacks the evidence to take action."
22 | "A local farmer has been accused of using dark magic to curse their neighbors' crops, causing widespread famine in the area. The town guard is aware, but lacks the resources to investigate the allegations."
23 | "The last shipment of Salt/Iron/Grain didn't arrive from the nearest city. People whisper of bandits, but others fear a sickness."
24 | "A fortune teller, old Mother Dregless, makes pies that are said to give special properties (e.g., courage, luck, sickness)."
25 | "A wealthy merchant in town is secretly paying coin for "exotic animals"—the weirder, the better."
26 | "A child in the village has been having vivid, prophetic dreams that always come true, but they only speak in riddles."
27 | "A local priest has been accused of using forbidden rituals to summon spirits, causing unrest among the townspeople. The town guard is aware, but lacks the evidence to take action."
28 | "A traveling circus has arrived in town, but rumors suggest that the performers are not what they seem, and may be involved in criminal activities. The town guard is aware, but lacks the resources to investigate the circus."
29 | "A local fisherman has been accused of using illegal methods to catch fish, causing harm to the local ecosystem. The town guard is aware, but lacks the evidence to take action."
30 | "A local innkeeper has been accused of overcharging travelers and providing substandard accommodations. The town guard is aware, but lacks the resources to investigate the allegations."
31 | "A local tailor has been accused of using stolen fabrics to create garments, causing harm to the local textile industry. The town guard is aware, but lacks the evidence to take action."
32 | "A local brewer has been accused of using contaminated ingredients in their beer, causing illness among those who consume it. The town guard is aware, but lacks the resources to investigate the allegations."
33 | "A local carpenter has been accused of using substandard materials in their construction projects, causing harm to the local community. The town guard is aware, but lacks the evidence to take action."
34 | "The family of the late <OCCUPATION> has come into a sudden windfall, and no one knows where the gold came from."
35 | "A Ranger/Hunter was found hanged on the edge of the woods, hands and feet removed. A bloody carving marks the tree above him. The local authorities are seeking help to investigate the murder."
36 | "Bandits/Goblins/Owlbears have gathered in unusual numbers in a nearby valley. Most think it's just a seasonal nuisance."
37 | "Someone is selling authentic-looking, but suspiciously cheap, treasure maps for a few copper pieces."
38 | "The Butcher/Tanner sells "special cuts" of meat/leather that look disturbingly human-like, but they deny everything."
39 | "The sewers below the city are supposedly occupied by a group of people... but they are rarely seen and move like shadows."
40 | "A group of children are mugging lone strangers on the darker streets at night. They are too fast and small to catch.
41 | "One of the local nobles/town elders is a known associate of the local Assassins' Guild."
42 | "The body of a traveler was found by the river. Their pack contained a crudely drawn map showing a nearby cave."
43 | "The city of [Name a nearby settlement] has gone silent. No word has been heard for a week, and travelers are turning back.
